YEAR,CARR,code,ROUTE,FLT,KM,SEAT,PAX,RPK,ASK,PLF,CARGO_TTL,CARGO,POST,PAX_TK,FTK,POST_TK,TTK,AFK,FLF
2018,AAR,OZ,국내선,"34,469","12,790,510","7,218,333","6,129,493","2,386,918,335","2,780,193,883",86,"69,818,315","69,817,926",389,"190,953,473","28,364,672",105,"219,318,250","343,374,461",64
2018,AAR,OZ,국제선,"71,744","211,461,739","16,199,361","13,726,644","45,154,810,430","53,098,960,601",85,"907,968,829","892,486,306","15,482,523","4,063,932,968","4,171,528,537","58,978,516","8,294,440,021","12,285,556,689",68
2018,AAR,OZ,소계,"106,213","224,252,249","23,417,694","19,856,137","47,541,728,765","55,879,154,484",85,"977,787,144","962,304,232","15,482,912","4,254,886,441","4,199,893,209","58,978,621","8,513,758,271","12,628,931,150",67
2018,ABL,BX,국내선,"27,527","9,157,672","5,190,701","4,457,419","1,488,253,135","1,727,163,381",86,"25,513,192","25,512,590",602,"119,060,244","8,471,677",194,"127,532,115","176,423,714",72
2018,ABL,BX,국제선,"21,595","28,474,160","4,294,295","3,610,156","4,653,546,823","5,572,112,869",84,"33,648,170","33,633,034","15,136","418,819,224","46,781,441","23,621","465,624,286","579,051,976",80
2018,ABL,BX,소계,"49,122","37,631,832","9,484,996","8,067,575","6,141,799,958","7,299,276,250",84,"59,161,362","59,145,624","15,738","537,879,468","55,253,118","23,815","593,156,401","755,475,690",79
2018,ASV,RS,국제선,"10,171","16,473,302","2,026,027","1,717,022","2,815,217,177","3,268,836,681",86,"15,693,604","15,690,792","2,812","253,369,544","27,679,610","3,535","281,052,689","341,697,088",82
2018,ASV,RS,소계,"10,171","16,473,302","2,026,027","1,717,022","2,815,217,177","3,268,836,681",86,"74,854,966","74,836,416","18,550","791,249,012","82,932,728","27,350","874,209,090","1,097,172,778",80
2018,ESR,ZE,국내선,"16,844","6,983,899","3,251,058","3,032,694","1,263,006,580","1,351,083,937",93,"13,555,155","13,553,710","1,445","101,040,527","5,619,487",576,"106,660,590","139,550,445",76
2018,ESR,ZE,국제선,"18,528","35,463,562","3,469,569","2,870,742","5,651,607,500","6,665,303,941",85,"29,634,822","28,856,045","778,777","508,644,699","59,548,547","2,346,399","570,539,645","736,083,767",78
2018,ESR,ZE,소계,"35,372","42,447,461","6,720,627","5,903,436","6,914,614,080","8,016,387,878",86,"43,189,977","42,409,755","780,222","609,685,226","65,168,034","2,346,975","677,200,235","875,634,212",77
2018,JJA,7C,국내선,"26,395","10,021,575","4,987,221","4,676,134","1,780,476,524","1,893,489,591",94,"18,988,718","18,982,470","6,248","142,438,118","7,170,318","2,394","149,610,830","199,079,322",75
2018,JJA,7C,국제선,"43,743","79,755,841","8,260,632","7,284,521","13,073,098,622","15,056,591,292",87,"76,682,709","76,044,432","638,277","1,176,578,885","143,934,368","1,140,668","1,321,653,921","1,654,734,013",80
2018,JJA,7C,소계,"70,138","89,777,416","13,247,853","11,960,655","14,853,575,146","16,950,080,883",88,"95,671,427","95,026,902","644,525","1,319,017,003","151,104,686","1,143,062","1,471,264,751","1,853,813,335",79
2018,JNA,LJ,국내선,"18,794","7,312,463","3,738,858","3,474,740","1,364,939,277","1,465,926,237",93,"26,564,714","26,564,714",0,"109,195,147","10,616,593",0,"119,811,740","160,298,603",75
2018,JNA,LJ,국제선,"29,047","57,807,265","6,392,958","5,415,238","11,341,321,218","13,400,975,358",85,"62,181,424","60,945,507","1,235,917","1,020,718,908","139,344,741","3,661,915","1,163,725,564","1,570,665,961",74
2018,JNA,LJ,소계,"47,841","65,119,728","10,131,816","8,889,978","12,706,260,495","14,866,901,595",85,"88,746,138","87,510,221","1,235,917","1,129,914,055","149,961,334","3,661,915","1,283,537,304","1,730,964,564",74
2018,KAL,KE,국내선,"54,066","18,944,785","9,344,969","6,957,415","2,518,567,791","3,332,493,133",76,"105,896,292","105,887,052","9,240","201,485,422","40,278,763","3,512","241,767,697","439,535,392",55
2018,KAL,KE,국제선,"107,737","397,504,915","25,236,748","20,052,121","77,965,394,793","97,062,502,935",80,"1,613,752,360","1,562,110,184","51,642,176","7,016,885,556","8,048,023,895","231,060,356","15,295,969,807","26,902,516,856",57
2018,KAL,KE,소계,"161,803","416,449,700","34,581,717","27,009,536","80,483,962,584","100,394,996,068",80,"1,719,648,652","1,667,997,236","51,651,416","7,218,370,978","8,088,302,658","231,063,868","15,537,737,504","27,342,052,248",57
2018,TWB,TW,국내선,"16,338","6,112,794","3,085,554","2,872,830","1,080,018,788","1,154,430,009",94,"12,856,219","12,855,418",801,"86,401,500","4,804,358",360,"91,206,218","123,105,547",74
2018,TWB,TW,국제선,"26,154","45,356,904","4,934,511","4,170,812","7,163,054,895","8,554,943,610",84,"38,925,331","38,889,465","35,866","644,674,937","73,416,934","98,273","718,190,144","943,550,511",76
2018,TWB,TW,소계,"42,492","51,469,698","8,020,065","7,043,642","8,243,073,683","9,709,373,619",85,"51,781,550","51,744,883","36,667","731,076,437","78,221,292","98,633","809,396,362","1,066,656,058",76
2018,국적사,KOR_CARR,합계,"523,152","943,621,386","107,630,795","90,447,981","179,700,231,888","216,385,007,458",,"3,110,841,216","3,040,975,269","69,865,947","16,592,078,620","12,870,837,059","297,344,239","29,760,259,918","47,350,700,035",63
2017,AAR,OZ,국내선,"36,026","13,538,608","7,008,049","5,990,619","2,331,732,271","2,710,240,983",86,"65,198,724","65,198,083",641,"186,538,578","26,353,346",187,"212,892,111","327,811,224",65
2017,AAR,OZ,국제선,"72,555","206,657,449","16,269,361","13,343,785","42,761,904,065","51,570,151,113",83,"872,784,286","852,236,862","20,547,424","3,848,571,406","3,916,133,342","79,634,088","7,844,338,836","11,921,236,398",66
2017,AAR,OZ,소계,"108,581","220,196,057","23,277,410","19,334,404","45,093,636,336","54,280,392,096",83,"937,983,010","917,434,945","20,548,065","4,035,109,984","3,942,486,688","79,634,275","8,057,230,947","12,249,047,622",66
2017,ABL,BX,국내선,"25,035","8,323,431","4,675,844","4,106,166","1,365,917,505","1,555,771,312",88,"25,012,671","25,008,311","4,360","109,273,401","8,290,178","1,629","117,565,208","160,998,789",73
2017,ABL,BX,국제선,"19,028","25,300,501","3,632,949","3,003,639","3,912,491,085","4,767,839,066",82,"39,021,413","39,018,487","2,926","352,124,213","45,530,624","2,061","397,656,898","504,371,849",79
2017,ABL,BX,소계,"44,063","33,623,932","8,308,793","7,109,805","5,278,408,590","6,323,610,378",84,"64,034,084","64,026,798","7,286","461,397,614","53,820,802","3,690","515,222,106","665,370,638",77
2017,ASV,RS,국제선,"5,837","10,112,808","1,135,426","820,943","1,484,653,241","1,966,154,783",76,"8,261,281","8,258,762","2,519","133,618,789","15,209,671","1,841","148,830,301","209,670,024",71
2017,ASV,RS,소계,"5,837","10,112,808","1,135,426","820,943","1,484,653,241","1,966,154,783",76,"8,261,281","8,258,762","2,519","133,618,789","15,209,671","1,841","148,830,301","209,670,024",71
2017,ESR,ZE,국내선,"18,486","7,715,355","3,301,052","3,006,318","1,257,425,255","1,374,416,826",92,"11,944,187","11,943,057","1,130","100,594,013","4,979,305",508,"105,573,826","145,653,247",73
2017,ESR,ZE,국제선,"15,622","31,588,418","2,920,739","2,514,596","5,148,493,500","5,926,194,230",87,"26,258,597","25,707,127","551,470","463,364,414","54,913,891","1,772,970","520,051,275","659,466,843",79
2017,ESR,ZE,소계,"34,108","39,303,773","6,221,791","5,520,914","6,405,918,755","7,300,611,056",88,"38,202,784","37,650,184","552,600","563,958,427","59,893,196","1,773,478","625,625,101","805,120,090",78
2017,JJA,7C,국내선,"25,819","9,897,382","4,876,557","4,641,543","1,783,376,617","1,869,323,934",95,"20,998,433","20,994,556","3,877","142,670,125","8,032,038","1,335","150,703,498","196,103,188",77
2017,JJA,7C,국제선,"34,741","62,975,392","6,551,148","5,825,360","10,452,751,085","11,864,598,465",88,"62,761,999","62,333,443","428,556","940,747,612","118,421,622","755,848","1,059,925,082","1,306,215,826",81
2017,JJA,7C,소계,"60,560","72,872,774","11,427,705","10,466,903","12,236,127,702","13,733,922,399",89,"83,760,432","83,327,999","432,433","1,083,417,737","126,453,660","757,183","1,210,628,580","1,502,319,014",81
2017,JNA,LJ,국내선,"19,210","7,595,812","3,950,745","3,737,910","1,497,565,938","1,579,336,221",95,"31,727,407","31,724,928","2,479","119,805,272","12,839,291","1,033","132,645,596","171,567,784",77
2017,JNA,LJ,국제선,"25,664","52,013,102","5,680,032","4,859,493","10,536,926,210","12,251,773,164",86,"58,538,485","57,548,643","989,842","948,323,371","138,719,854","2,008,242","1,089,051,467","1,434,500,315",76
2017,JNA,LJ,소계,"44,874","59,608,914","9,630,777","8,597,403","12,034,492,148","13,831,109,385",87,"90,265,892","89,273,571","992,321","1,068,128,643","151,559,145","2,009,275","1,221,697,063","1,606,068,099",76
2017,KAL,KE,국내선,"55,168","19,367,955","10,318,865","7,988,802","2,897,608,557","3,710,715,194",78,"122,218,579","122,209,524","9,055","231,808,687","46,708,149","3,147","278,519,983","491,968,225",57
2017,KAL,KE,국제선,"105,741","391,225,234","24,254,203","18,924,701","75,078,914,818","94,625,328,397",79,"1,634,888,293","1,583,283,515","51,604,778","6,757,102,399","8,199,879,115","234,354,413","15,191,335,927","26,435,543,364",58
2017,KAL,KE,소계,"160,909","410,593,189","34,573,068","26,913,503","77,976,523,375","98,336,043,591",79,"1,757,106,872","1,705,493,039","51,613,833","6,988,911,086","8,246,587,264","234,357,560","15,469,855,910","26,927,511,589",58
2017,TWB,TW,국내선,"16,811","6,331,625","3,174,849","2,934,897","1,109,607,718","1,195,709,697",93,"13,025,283","13,022,763","2,520","88,768,619","4,869,056",663,"93,638,338","127,679,641",73
2017,TWB,TW,국제선,"20,521","34,978,649","3,866,277","3,278,069","5,485,663,816","6,583,410,708",83,"32,532,851","32,516,440","16,411","493,709,738","60,034,705","29,963","553,774,406","725,060,753",76
2017,TWB,TW,소계,"37,332","41,310,274","7,041,126","6,212,966","6,595,271,534","7,779,120,405",85,"45,558,134","45,539,203","18,931","582,478,357","64,903,761","30,626","647,412,744","852,740,394",76
2017,국적사,KOR_CARR,합계,"496,264","887,621,721","101,616,096","84,976,841","167,105,031,681","203,550,964,093",82,"3,025,172,489","2,951,004,501","74,167,988","14,917,020,637","12,660,914,187","318,567,928","27,896,502,752","44,817,847,470",62
2016,AAR,OZ,국내선,"35,849","13,644,342","6,485,047","5,444,059","2,112,852,539","2,506,624,992",84,"66,008,836","66,007,872",964,"169,028,208","26,554,035",308,"195,582,551","297,250,989",66
2016,AAR,OZ,국제선,"76,651","211,593,800","16,712,092","13,865,801","41,089,548,384","49,379,524,525",83,"849,409,371","819,503,942","29,905,429","3,698,059,388","3,701,214,821","108,295,366","7,507,569,575","11,896,915,445",63
2016,AAR,OZ,소계,"112,500","225,238,142","23,197,139","19,309,860","43,202,400,923","51,886,149,517",83,"915,418,207","885,511,814","29,906,393","3,867,087,596","3,727,768,856","108,295,674","7,703,152,126","12,194,166,434",63
2016,ABL,BX,국내선,"23,190","7,714,468","4,198,291","3,667,282","1,222,826,325","1,399,401,319",87,"22,345,420","22,345,253",167,"97,826,106","7,405,571",55,"105,231,732","148,933,608",71
2016,ABL,BX,국제선,"14,100","18,044,978","2,623,432","2,215,581","2,822,105,550","3,348,297,071",84,"50,757,015","50,757,015",,"253,989,507","43,523,237",,"297,512,744","360,432,801",83
2016,ABL,BX,소계,"37,290","25,759,446","6,821,723","5,882,863","4,044,931,875","4,747,698,390",85,"73,102,435","73,102,268",167,"351,815,613","50,928,808",55,"402,744,476","509,366,409",79
2016,ASV,RS,국내선,638,"286,451","109,098","96,876","43,495,872","48,983,121",89,"673,689","673,689",0,"3,479,670","302,477",0,"3,782,147","5,903,670",64
2016,ASV,RS,국제선,978,"1,785,829","190,515","117,374","238,316,449","347,557,275",69,"1,153,369","1,153,328",41,"21,448,486","2,380,566",27,"23,829,079","37,024,593",64
2016,ASV,RS,소계,"1,616","2,072,280","299,613","214,250","281,812,321","396,540,396",71,"1,827,058","1,827,017",41,"24,928,156","2,683,043",27,"27,611,226","42,928,263",64
2016,ESR,ZE,국내선,"16,207","6,823,179","2,834,399","2,530,686","1,065,989,104","1,191,036,489",90,"11,801,066","11,800,212",854,"85,279,134","4,969,765",383,"90,249,282","128,242,115",70
2016,ESR,ZE,국제선,"13,278","25,737,434","2,444,449","2,073,512","4,109,727,137","4,796,645,127",86,"22,204,016","22,161,743","42,273","369,875,437","44,504,760","141,259","414,521,456","528,515,097",78
2016,ESR,ZE,소계,"29,485","32,560,613","5,278,848","4,604,198","5,175,716,241","5,987,681,616",86,"34,005,082","33,961,955","43,127","455,154,571","49,474,525","141,642","504,770,738","656,757,212",77
2016,JJA,7C,국내선,"26,177","10,298,627","4,934,544","4,533,247","1,785,584,635","1,941,282,105",92,"21,279,940","21,274,753","5,187","142,846,769","8,388,007","1,657","151,236,433","205,578,999",74
2016,JJA,7C,국제선,"25,765","46,630,467","4,848,585","4,124,597","7,486,901,081","8,772,262,143",85,"47,229,427","46,595,673","633,754","673,821,096","87,441,179","1,534,536","675,443,073","969,327,946",70
2016,JJA,7C,소계,"51,942","56,929,094","9,783,129","8,657,844","9,272,485,716","10,713,544,248",87,"68,509,367","67,870,426","638,941","816,667,865","95,829,186","1,536,193","826,679,506","1,174,906,945",70
2016,JNA,LJ,국내선,"19,200","7,918,821","4,148,832","3,935,030","1,642,672,404","1,730,164,695",95,"35,501,792","35,497,854","3,938","131,413,790","14,939,668","1,707","146,355,165","192,222,064",76
2016,JNA,LJ,국제선,"21,371","45,134,820","4,526,632","3,749,912","8,522,149,075","10,369,240,074",82,"44,575,907","44,279,262","296,645","766,993,414","114,559,174","697,175","882,249,763","1,210,092,800",73
2016,JNA,LJ,소계,"40,571","53,053,641","8,675,464","7,684,942","10,164,821,479","12,099,404,769",84,"80,077,699","79,777,116","300,583","898,407,204","129,498,842","698,882","1,028,604,928","1,402,314,864",73
2016,KAL,KE,국내선,"53,709","18,952,953","10,203,871","7,904,329","2,886,585,111","3,706,060,810",78,"122,628,731","122,621,771","6,960","230,926,814","47,334,343","2,128","278,263,285","480,598,109",58
2016,KAL,KE,국제선,"106,831","390,804,413","24,329,711","19,036,977","72,842,041,832","93,520,424,905",78,"1,547,637,635","1,494,574,951","53,062,684","6,555,783,822","7,869,697,685","229,866,532","14,655,348,039","25,856,315,766",57
2016,KAL,KE,소계,"160,540","409,757,366","34,533,582","26,941,306","75,728,626,943","97,226,485,715",78,"1,670,266,366","1,617,196,722","53,069,644","6,786,710,636","7,917,032,028","229,868,660","14,933,611,324","26,336,913,875",57
2016,TWB,TW,국내선,"16,027","6,055,699","3,025,023","2,801,413","1,059,778,945","1,142,804,733",93,"12,647,287","12,642,507","4,780","84,782,314","4,756,166","1,827","89,540,307","122,694,620",73
2016,TWB,TW,국제선,"13,091","21,668,711","2,467,083","2,022,741","3,358,883,611","4,082,365,044",82,"21,084,857","21,065,447","19,410","302,299,546","38,985,583","70,722","341,355,851","451,076,830",76
2016,TWB,TW,소계,"29,118","27,724,410","5,492,106","4,824,154","4,418,662,556","5,225,169,777",85,"33,732,144","33,707,954","24,190","387,081,860","43,741,749","72,549","430,896,158","573,771,450",75
2016,국적사,KOR_CARR,합계,"463,062","833,094,992","94,081,604","78,119,417","152,289,458,054","188,282,674,428",81,"2,876,938,358","2,792,955,272","83,983,086","13,587,853,501","12,016,957,037","340,613,682","25,858,070,482","42,891,125,452",60
2015,AAR,OZ,국내선,"36,486","13,768,753","6,676,065","5,255,729","2,035,825,916","2,560,813,202",80,"67,331,904","67,329,105","2,799","162,866,067","26,916,664","1,010","189,783,741","305,410,237",62
2015,AAR,OZ,국제선,"75,099","207,654,716","16,196,737","12,870,999","38,543,537,712","47,469,525,104",81,"810,631,410","778,044,194","32,587,216","3,468,918,428","3,639,102,107","129,197,931","7,237,218,466","11,526,607,535",63
2015,AAR,OZ,소계,"111,585","221,423,469","22,872,802","18,126,728","40,579,363,628","50,030,338,306",81,"877,963,314","845,373,299","32,590,015","3,631,784,495","3,666,018,771","129,198,941","7,427,002,207","11,832,017,772",63
2015,ABL,BX,국내선,"22,150","7,374,562","3,817,642","3,220,620","1,075,940,872","1,274,800,976",84,"21,801,313","21,801,313",,"86,075,267","7,215,400",,"93,290,667","132,253,090",71
2015,ABL,BX,국제선,"11,062","14,063,406","2,042,625","1,624,693","2,022,756,445","2,572,602,063",79,"26,322,424","26,317,513","4,911","182,048,087","26,487,083","4,859","208,540,029","273,842,586",76
2015,ABL,BX,소계,"33,212","21,437,968","5,860,267","4,845,313","3,098,697,317","3,847,403,039",81,"48,123,737","48,118,826","4,911","268,123,354","33,702,483","4,859","301,830,696","406,095,676",74
2015,ESR,ZE,국내선,"14,142","6,008,527","2,340,923","2,058,403","877,025,913","994,910,678",88,"10,295,749","10,291,785","3,964","70,162,069","4,375,603","1,647","74,539,319","106,425,138",70
2015,ESR,ZE,국제선,"8,404","16,505,767","1,560,095","1,305,837","2,615,179,026","3,078,040,308",85,"15,012,461","15,009,386","3,075","235,366,105","30,891,942","1,793","266,259,840","343,338,477",78
2015,ESR,ZE,소계,"22,546","22,514,294","3,901,018","3,364,240","3,492,204,939","4,072,950,986",86,"25,308,210","25,301,171","7,039","305,528,174","35,267,545","3,440","340,799,159","449,763,615",76
2015,JJA,7C,국내선,"24,435","9,603,799","4,597,281","4,195,186","1,652,178,799","1,806,880,665",91,"20,464,416","20,459,083","5,333","132,174,311","8,043,529","2,059","140,219,899","194,219,651",72
2015,JJA,7C,국제선,"18,973","36,135,888","3,565,419","2,923,964","5,653,303,863","6,791,261,463",83,"35,555,128","35,095,907","459,221","508,797,352","68,939,053","1,331,867","579,068,272","745,335,666",78
2015,JJA,7C,소계,"43,408","45,739,687","8,162,700","7,119,150","7,305,482,662","8,598,142,128",85,"56,019,544","55,554,990","464,554","640,971,663","76,982,582","1,333,926","719,288,171","939,555,317",77
2015,JNA,LJ,국내선,"16,809","7,099,766","3,523,806","3,254,752","1,387,386,772","1,497,616,644",93,"30,367,685","30,365,840","1,845","110,990,944","13,034,839",828,"124,026,611","169,905,232",73
2015,JNA,LJ,국제선,"12,895","25,617,970","2,506,166","2,034,895","4,225,798,831","5,096,547,594",83,"21,952,512","21,875,977","76,535","380,321,906","48,550,529","158,502","429,030,937","569,281,001",75
2015,JNA,LJ,소계,"29,704","32,717,736","6,029,972","5,289,647","5,613,185,603","6,594,164,238",85,"52,320,197","52,241,817","78,380","491,312,850","61,585,368","159,330","553,057,548","739,186,233",75
2015,KAL,KE,국내선,"52,954","18,617,051","10,100,891","7,431,897","2,710,631,029","3,662,438,159",74,"125,197,714","125,073,662","124,052","216,850,480","48,017,378","38,746","264,906,604","479,274,296",55
2015,KAL,KE,국제선,"102,610","383,037,251","23,032,296","17,582,649","68,864,808,575","90,337,748,764",76,"1,514,635,042","1,465,986,898","48,648,144","6,197,832,821","7,867,223,623","197,543,837","14,262,600,281","24,977,933,328",57
2015,KAL,KE,소계,"155,564","401,654,302","33,133,187","25,014,546","71,575,439,604","94,000,186,923",76,"1,639,832,756","1,591,060,560","48,772,196","6,414,683,301","7,915,241,001","197,582,583","14,527,506,885","25,457,207,624",57
2015,TWB,TW,국내선,"15,607","5,844,634","2,940,330","2,563,547","967,680,481","1,101,292,266",88,"12,321,757","12,321,144",613,"77,414,442","4,646,602",202,"82,061,246","117,827,378",70
2015,TWB,TW,국제선,"7,598","11,606,211","1,428,936","1,077,382","1,694,340,462","2,184,002,367",78,"11,281,745","11,252,904","28,841","152,490,649","19,842,814","102,213","172,435,676","240,466,805",72
2015,TWB,TW,소계,"23,205","17,450,845","4,369,266","3,640,929","2,662,020,943","3,285,294,633",81,"23,603,502","23,574,048","29,454","229,905,091","24,489,416","102,415","254,496,922","358,294,183",71
2015,국적사,KOR_CARR,합계,"419,224","762,938,301","84,329,212","67,400,553","134,326,394,696","170,428,480,253",79,"2,723,171,260","2,641,224,711","81,946,549","11,982,308,928","11,813,287,166","328,385,494","24,123,981,588","40,182,120,420",60
2014,AAR,OZ,국내선,"38,354","14,265,037","6,930,115","5,264,761","2,030,560,977","2,618,634,319",78,"70,002,513","69,999,661","2,852","162,444,876","27,869,992","1,198","190,316,066","306,492,793",62
2014,AAR,OZ,국제선,"75,252","207,746,221","15,790,445","12,424,917","35,867,226,583","44,548,264,095",81,"810,277,487","784,973,573","25,303,914","3,228,050,420","3,796,298,629","104,417,072","7,128,766,121","11,423,641,497",62
2014,AAR,OZ,소계,"113,606","222,011,258","22,720,560","17,689,678","37,897,787,560","47,166,898,414",80,"880,280,000","854,973,234","25,306,766","3,390,495,296","3,824,168,621","104,418,270","7,319,082,187","11,730,134,290",62
2014,ABL,BX,국내선,"21,588","7,197,413","3,631,645","2,853,999","957,372,036","1,215,726,159",79,"21,619,777","21,619,059",718,"76,589,756","7,195,095",308,"83,785,159","128,704,565",65
2014,ABL,BX,국제선,"8,772","11,255,589","1,591,021","1,255,551","1,576,767,118","2,075,835,336",76,"13,231,094","13,228,968","2,126","141,909,031","17,089,236","2,162","159,000,429","220,284,360",72
2014,ABL,BX,소계,"30,360","18,453,002","5,222,666","4,109,550","2,534,139,154","3,291,561,495",77,"34,850,871","34,848,027","2,844","218,498,787","24,284,331","2,470","242,785,588","348,988,925",70
2014,ESR,ZE,국내선,"13,107","5,604,311","1,992,154","1,809,556","774,067,180","851,430,087",91,"9,582,696","9,578,430","4,266","61,925,375","4,095,505","1,915","66,022,795","91,000,870",73
2014,ESR,ZE,국제선,"6,893","13,080,949","1,225,424","1,070,257","2,086,832,678","2,355,594,616",89,"12,013,235","12,004,911","8,324","187,814,938","24,156,403","20,900","211,992,241","265,165,687",80
2014,ESR,ZE,소계,"20,000","18,685,260","3,217,578","2,879,813","2,860,899,858","3,207,024,703",89,"21,595,931","21,583,341","12,590","249,740,313","28,251,908","22,815","278,015,036","356,166,557",78
2014,JJA,7C,국내선,"19,842","7,773,890","3,721,035","3,398,380","1,336,893,791","1,457,824,719",92,"17,678,998","17,676,118","2,880","106,951,505","6,974,600","1,051","113,927,156","159,795,750",71
2014,JJA,7C,국제선,"13,819","26,684,848","2,596,494","2,150,338","4,139,451,166","5,013,867,240",83,"29,794,994","29,418,519","376,475","372,550,619","56,926,009","1,209,179","430,685,807","553,418,533",78
2014,JJA,7C,소계,"33,661","34,458,738","6,317,529","5,548,718","5,476,344,957","6,471,691,959",85,"47,473,992","47,094,637","379,355","479,502,124","63,900,609","1,210,230","544,612,963","713,214,283",76
2014,JNA,LJ,국내선,"12,862","5,771,136","2,428,212","2,233,400","1,002,550,089","1,089,634,914",92,"17,242,452","17,242,452",0,"80,204,006","7,737,310",0,"87,941,316","115,283,097",76
2014,JNA,LJ,국제선,"8,926","18,828,772","1,651,178","1,361,367","2,876,068,393","3,482,209,047",83,"14,742,426","14,707,951","34,475","258,846,171","32,097,347","68,524","291,012,042","375,522,932",78
2014,JNA,LJ,소계,"21,788","24,599,908","4,079,390","3,594,767","3,878,618,482","4,571,843,961",85,"31,984,878","31,950,403","34,475","339,050,177","39,834,657","68,524","378,953,358","490,806,029",77
2014,KAL,KE,국내선,"51,360","17,776,421","9,806,893","6,891,634","2,491,517,550","3,506,379,541",71,"135,925,776","135,717,370","208,406","199,321,397","52,424,151","64,801","251,810,349","470,342,301",54
2014,KAL,KE,국제선,"101,939","379,935,914","22,552,581","16,599,947","65,088,231,024","88,710,292,511",73,"1,483,065,768","1,448,264,954","34,800,814","5,857,940,780","7,865,937,190","150,577,407","13,874,455,377","24,368,473,009",57
2014,KAL,KE,소계,"153,299","397,712,335","32,359,474","23,491,581","67,579,748,574","92,216,672,052",73,"1,618,991,544","1,583,982,324","35,009,220","6,057,262,177","7,918,361,341","150,642,208","14,126,265,726","24,838,815,310",57
2014,TWB,TW,국내선,"12,987","5,320,996","2,446,158","2,195,808","903,595,955","1,002,036,864",90,"11,064,417","11,059,812","4,605","72,287,676","4,546,146","1,716","76,835,538","106,320,040",72
2014,TWB,TW,국제선,"4,498","7,591,136","845,979","680,419","1,180,434,903","1,426,990,257",83,"7,113,288","7,101,387","11,901","106,239,145","13,851,805","40,145","120,131,095","156,369,521",77
2014,TWB,TW,소계,"17,485","12,912,132","3,292,137","2,876,227","2,084,030,858","2,429,027,121",86,"18,177,705","18,161,199","16,506","178,526,821","18,397,951","41,861","196,966,633","262,689,561",75
2014,국적사,KOR_CARR,합계,"390,199","728,832,633","77,209,334","60,190,334","122,311,569,443","159,354,719,705",77,"2,653,354,921","2,592,593,165","60,761,756","10,913,075,695","11,917,199,418","256,406,378","23,086,681,491","38,740,814,955",60
2013,AAR,OZ,국내선,"35,537","13,920,183","6,274,742","4,615,744","1,851,697,179","2,482,435,871",75,"62,222,530","62,217,037","5,493","148,135,778","25,853,405","2,614","173,991,797","287,901,622",60
2013,AAR,OZ,국제선,"76,101","210,412,715","15,507,230","11,705,808","34,031,024,331","43,578,598,488",78,"829,432,116","805,035,426","24,396,690","3,062,792,223","3,878,822,490","107,902,222","7,049,516,935","11,355,763,161",62
2013,AAR,OZ,소계,"111,638","224,332,898","21,781,972","16,321,552","35,882,721,510","46,061,034,359",78,"891,654,646","867,252,463","24,402,183","3,210,928,001","3,904,675,895","107,904,836","7,223,508,732","11,643,664,783",62
2013,ABL,BX,국내선,"19,915","7,002,448","3,179,816","2,440,194","849,559,699","1,114,578,117",76,"17,233,445","17,232,060","1,385","67,964,778","5,979,055",509,"73,944,342","117,655,419",63
2013,ABL,BX,국제선,"7,081","9,247,398","1,225,650","898,185","1,201,425,938","1,649,113,407",73,"9,240,615","9,239,838",777,"108,128,333","12,790,215",155,"120,918,703","176,589,000",69
2013,ABL,BX,소계,"26,996","16,249,846","4,405,466","3,338,379","2,050,985,637","2,763,691,524",74,"26,474,060","26,471,898","2,162","176,093,111","18,769,270",664,"194,863,045","294,244,419",66
2013,ESR,ZE,국내선,"13,480","5,964,548","2,044,979","1,826,964","809,438,565","905,573,753",89,"9,031,812","9,027,267","4,545","64,755,084","3,984,715","2,132","68,741,931","96,904,388",71
2013,ESR,ZE,국제선,"6,315","13,078,721","1,087,008","927,780","1,974,903,474","2,291,086,520",86,"9,400,679","9,395,999","4,680","177,741,317","20,218,303","8,508","197,968,128","253,585,908",78
2013,ESR,ZE,소계,"19,795","19,043,269","3,131,987","2,754,744","2,784,342,039","3,196,660,273",87,"18,432,491","18,423,266","9,225","242,496,401","24,203,018","10,640","266,710,059","350,490,296",76
2013,JJA,7C,국내선,"16,999","6,915,598","3,187,041","2,867,111","1,164,942,072","1,296,468,255",90,"15,143,904","15,143,029",875,"93,195,365","6,168,392",410,"99,364,167","142,028,943",70
2013,JJA,7C,국제선,"11,560","21,950,729","2,168,187","1,724,753","3,338,788,377","4,116,863,217",81,"23,460,629","23,244,935","215,694","300,490,962","45,103,330","614,018","346,208,310","447,412,748",77
2013,JJA,7C,소계,"28,559","28,866,327","5,355,228","4,591,864","4,503,730,449","5,413,331,472",83,"38,604,533","38,387,964","216,569","393,686,327","51,271,722","614,428","445,572,477","589,441,691",76
2013,JNA,LJ,국내선,"11,013","5,163,633","2,073,729","1,831,784","859,045,168","972,301,149",88,"10,533,901","10,531,348","2,553","68,723,612","4,937,365","1,197","73,662,174","103,456,323",71
2013,JNA,LJ,국제선,"6,992","15,190,340","1,279,947","930,081","2,074,810,045","2,768,556,720",75,"9,941,853","9,941,853",0,"186,732,927","22,657,985",0,"209,390,912","312,629,200",67
2013,JNA,LJ,소계,"18,005","20,353,973","3,353,676","2,761,865","2,933,855,213","3,740,857,869",78,"20,475,754","20,473,201","2,553","255,456,539","27,595,350","1,197","283,053,086","416,085,523",68
2013,KAL,KE,국내선,"54,246","20,635,388","9,927,822","6,960,631","2,708,324,855","3,848,596,042",70,"129,837,192","129,621,299","215,893","216,665,999","53,154,074","80,211","269,900,284","496,351,332",54
2013,KAL,KE,국제선,"102,000","384,406,265","22,821,365","16,645,952","66,540,574,576","89,386,607,739",74,"1,427,830,143","1,400,673,917","27,156,226","5,988,651,759","7,583,045,606","122,333,445","13,694,030,810","23,929,387,085",57
2013,KAL,KE,소계,"156,246","405,041,653","32,749,187","23,606,583","69,248,899,431","93,235,203,781",74,"1,557,667,335","1,530,295,216","27,372,119","6,205,317,758","7,636,199,680","122,413,656","13,963,931,094","24,425,738,417",57
2013,TWB,TW,국내선,"10,560","4,957,480","1,989,066","1,810,942","849,989,906","933,783,942",91,"8,683,078","8,679,768","3,310","67,999,193","4,073,872","1,552","72,074,617","97,662,356",74
2013,TWB,TW,국제선,"2,929","5,216,250","551,217","428,842","818,842,530","981,413,190",83,"4,256,682","4,256,147",535,"73,695,825","8,717,112",660,"82,413,597","104,670,872",79
2013,TWB,TW,소계,"13,489","10,173,730","2,540,283","2,239,784","1,668,832,436","1,915,197,132",87,"12,939,760","12,935,915","3,845","141,695,018","12,790,984","2,212","154,488,214","202,333,228",76
2013,국적사,KOR_CARR,합계,"374,728","724,061,696","73,317,799","55,614,771","119,073,366,715","156,325,976,410",76,"2,566,248,579","2,514,239,923","52,008,656","10,625,673,155","11,675,505,919","230,947,633","22,532,126,707","37,921,998,357",59
2012,AAR,OZ,국내선,"34,228","13,340,607","6,073,863","4,554,256","1,814,956,623","2,384,839,104",76,"44,714,695","44,714,343",352,"145,196,535","17,903,501",178,"163,100,214","305,775,152",53
2012,AAR,OZ,국제선,"72,967","199,118,491","14,878,727","11,226,400","32,394,629,326","41,811,297,920",78,"772,539,185","752,967,359","19,571,826","2,915,516,697","3,604,135,553","86,796,444","6,606,448,694","10,489,846,699",63
2012,AAR,OZ,소계,"107,195","212,459,098","20,952,590","15,780,656","34,209,585,949","44,196,137,024",77,"817,253,880","797,681,702","19,572,178","3,060,713,232","3,622,039,054","86,796,622","6,769,548,908","10,795,621,851",63
2012,ABL,BX,국내선,"17,543","6,158,230","2,850,630","2,142,223","745,684,628","998,583,789",75,"15,430,106","15,429,176",930,"56,654,771","5,219,383",436,"64,874,590","99,251,841",65
2012,ABL,BX,국제선,"4,624","5,987,404","801,130","609,919","820,802,863","1,071,976,813",77,"6,636,838","6,635,763","1,075","73,872,257","9,110,573","2,432","82,985,262","112,218,637",74
2012,ABL,BX,소계,"22,167","12,145,634","3,651,760","2,752,142","1,566,487,491","2,070,560,602",76,"22,066,944","22,064,939","2,005","130,527,028","14,329,956","2,868","147,859,852","211,470,478",70
2012,ESR,ZE,국내선,"12,642","5,622,258","1,832,322","1,619,410","720,035,984","813,618,146",89,"8,039,590","8,038,872",718,"57,602,876","3,556,289",337,"61,159,502","85,629,080",71
2012,ESR,ZE,국제선,"4,943","9,670,324","795,839","627,066","1,313,328,034","1,589,194,943",83,"6,238,583","6,238,224",359,"118,199,531","13,182,087",228,"131,381,846","169,334,310",78
2012,ESR,ZE,소계,"17,585","15,292,582","2,628,161","2,246,476","2,033,364,018","2,402,813,089",85,"14,278,173","14,277,096","1,077","175,802,407","16,738,376",565,"192,541,348","254,963,390",76
2012,JJA,7C,국내선,"15,712","6,349,302","2,944,341","2,635,697","1,065,711,413","1,189,886,823",90,"13,641,524","13,638,346","3,178","85,256,916","5,531,389","1,334","90,789,639","132,593,336",69
2012,JJA,7C,국제선,"8,272","15,681,503","1,555,164","1,192,888","2,310,026,787","2,947,247,883",78,"16,543,003","16,540,736","2,267","207,902,423","33,546,568","6,018","241,455,009","322,396,728",75
2012,JJA,7C,소계,"23,984","22,030,805","4,499,505","3,828,585","3,375,738,200","4,137,134,706",82,"30,184,527","30,179,082","5,445","293,159,339","39,077,957","7,352","332,244,648","454,990,064",73
2012,JNA,LJ,국내선,"9,188","4,309,216","1,731,294","1,509,484","707,953,144","811,984,938",87,"8,029,774","8,026,074","3,700","56,636,251","3,764,257","1,736","60,402,244","86,795,896",70
2012,JNA,LJ,국제선,"5,873","12,761,049","1,076,997","825,731","1,840,777,531","2,327,365,209",79,"8,800,543","8,799,573",970,"165,686,370","19,974,196",585,"185,661,151","269,511,066",69
2012,JNA,LJ,소계,"15,061","17,070,265","2,808,291","2,335,215","2,548,730,675","3,139,350,147",81,"16,830,317","16,825,647","4,670","222,322,621","23,738,453","2,321","246,063,395","356,306,962",69
2012,KAL,KE,국내선,"56,884","21,523,515","10,823,059","7,579,117","2,922,927,555","4,152,621,463",70,"167,996,589","167,646,920","349,669","233,834,195","69,018,394","129,444","302,982,033","529,634,969",57
2012,KAL,KE,국제선,"100,808","384,438,518","22,813,959","16,986,675","67,209,492,485","88,886,512,069",76,"1,477,213,010","1,452,159,471","25,053,539","6,048,854,361","7,898,282,192","115,830,881","14,062,967,434","24,134,303,611",58
2012,KAL,KE,소계,"157,692","405,962,033","33,637,018","24,565,792","70,132,420,040","93,039,133,532",75,"1,645,209,599","1,619,806,391","25,403,208","6,282,688,556","7,967,300,586","115,960,325","14,365,949,467","24,663,938,580",58
2012,TWB,TW,국내선,"9,412","4,416,208","1,774,734","1,561,331","732,531,187","832,723,278",88,"7,424,337","7,422,985","1,352","58,602,496","3,482,810",634,"62,085,940","87,001,521",71
2012,TWB,TW,국제선,"2,678","4,829,150","505,149","331,903","698,038,714","910,258,368",77,"3,312,843","3,312,843",,"62,823,486","7,698,375",,"70,521,861","96,958,146",73
2012,TWB,TW,소계,"12,090","9,245,358","2,279,883","1,893,234","1,430,569,901","1,742,981,646",82,"10,737,180","10,735,828","1,352","121,425,982","11,181,185",634,"132,607,801","183,959,667",72
2012,국적사,KOR_CARR,합계,"355,774","694,205,775","70,457,208","53,402,100","115,296,896,274","150,728,110,746",77,"2,556,560,620","2,511,570,685","44,989,935","10,286,639,165","11,694,405,567","202,770,687","22,186,815,419","36,921,250,992",60
2011,AAR,OZ,국내선,"34,914","13,594,291","6,168,580","4,499,516","1,782,314,373","2,407,176,759",74,"44,211,657","44,208,632","3,025","142,585,150","17,526,359","1,546","160,113,055","297,264,145",54
2011,AAR,OZ,국제선,"68,786","187,764,604","14,051,043","10,505,263","29,862,267,766","39,042,782,812",77,"760,790,350","742,405,743","18,384,607","2,687,604,116","3,646,501,012","84,256,919","6,418,362,047","10,183,974,689",63
2011,AAR,OZ,소계,"103,700","201,358,895","20,219,623","15,004,779","31,644,582,139","41,449,959,571",76,"805,002,007","786,614,375","18,387,632","2,830,189,266","3,664,027,371","84,258,465","6,578,475,102","10,481,238,834",63
2011,ABL,BX,국내선,"17,526","6,088,137","2,761,903","2,085,541","717,110,741","957,552,179",75,"15,521,123","15,519,691","1,432","57,368,852","5,193,791",502,"62,563,145","95,049,746",66
2011,ABL,BX,국제선,"3,110","3,922,935","531,802","407,350","525,201,459","690,542,573",76,"4,360,679","4,360,679",,"47,268,140","5,792,818",,"53,060,958","70,829,122",75
2011,ABL,BX,소계,"20,636","10,011,072","3,293,705","2,492,891","1,242,312,200","1,648,094,752",75,"19,881,802","19,880,370","1,432","104,636,992","10,986,609",502,"115,624,103","165,878,868",70
2011,ESR,ZE,국내선,"12,579","5,587,253","1,833,054","1,570,161","695,621,505","813,184,360",86,"7,705,761","7,703,964","1,797","55,649,724","3,394,192",843,"59,044,759","85,405,560",69
2011,ESR,ZE,국제선,"1,581","3,541,141","232,738","179,665","423,674,361","519,957,403",82,"2,054,380","2,051,673","2,707","38,130,694","4,583,324","9,544","42,723,562","52,775,527",81
2011,ESR,ZE,소계,"14,160","9,128,394","2,065,792","1,749,826","1,119,295,866","1,333,141,763",84,"9,760,141","9,755,637","4,504","93,780,418","7,977,516","10,387","101,768,321","138,181,087",74
2011,JJA,7C,국내선,"13,414","5,461,480","2,519,358","2,259,761","917,981,183","1,025,670,363",90,"11,207,360","11,203,821","3,539","73,438,492","4,536,935","1,660","77,977,087","116,271,674",67
2011,JJA,7C,국제선,"5,202","9,506,444","976,095","774,121","1,425,871,152","1,782,856,638",80,"9,170,239","9,170,239",,"128,328,410","16,931,994",,"145,260,404","194,642,549",75
2011,JJA,7C,소계,"18,616","14,967,924","3,495,453","3,033,882","2,343,852,335","2,808,527,001",84,"20,377,599","20,374,060","3,539","201,766,902","21,468,929","1,660","223,237,491","310,914,223",72
2011,JNA,LJ,국내선,"8,308","3,896,672","1,564,460","1,300,441","609,938,509","733,772,924",83,"6,458,986","6,456,493","2,493","48,795,080","3,028,255","1,170","51,824,505","78,721,492",66
2011,JNA,LJ,국제선,"3,455","8,608,222","631,944","454,472","1,158,029,644","1,567,274,217",74,"4,835,804","4,835,804",,"104,222,668","12,614,246",,"116,836,914","180,356,862",65
2011,JNA,LJ,소계,"11,763","12,504,894","2,196,404","1,754,913","1,767,968,153","2,301,047,141",77,"11,294,790","11,292,297","2,493","153,017,748","15,642,501","1,170","168,661,419","259,078,354",65
2011,KAL,KE,국내선,"54,962","20,590,140","11,511,892","7,795,067","2,982,213,691","4,383,379,701",68,"189,479,195","188,877,481","601,714","238,577,093","77,900,132","223,836","316,701,061","573,765,408",55
2011,KAL,KE,국제선,"94,398","372,637,757","21,313,900","15,796,367","63,339,764,658","84,975,543,286",75,"1,561,421,020","1,536,689,010","24,732,010","5,700,578,876","8,225,426,425","122,133,907","14,048,139,208","23,926,398,120",59
2011,KAL,KE,소계,"149,360","393,227,897","32,825,792","23,591,434","66,321,978,349","89,358,922,987",74,"1,750,900,215","1,725,566,491","25,333,724","5,939,155,969","8,303,326,557","122,357,743","14,364,840,269","24,500,163,528",59
2011,TWB,TW,국내선,"9,809","4,600,773","1,848,417","1,470,316","689,625,020","866,974,101",80,"6,549,121","6,546,945","2,176","55,170,001","3,070,725","1,020","58,241,746","90,636,556",64
2011,TWB,TW,국제선,171,"482,189","31,563","18,922","56,297,239","88,956,063",63,"207,906","207,906",,"5,066,750","665,894",,"5,732,644","9,173,185",63
2011,TWB,TW,소계,"9,980","5,082,962","1,879,980","1,489,238","745,922,259","955,930,164",78,"6,757,027","6,754,851","2,176","60,236,751","3,736,619","1,020","63,974,390","99,809,741",64
2011,국적사,KOR_CARR,합계,"328,215","646,282,038","65,976,749","49,116,963","105,185,911,301","139,855,623,379",75,"2,623,973,581","2,580,238,081","43,735,500","9,382,784,046","12,027,166,102","206,630,947","21,616,581,095","35,955,264,635",60
2019,KAL,KE,국내선,"52,991","18,741,799","9,211,411","7,556,336","2,752,827,180","3,309,042,274",83,"96,398","96,398",0,"220,226,175","36,949,969",40,"257,176,184","438,163,738",59
2019,KAL,KE,국제선,"107,681","401,155,550","25,205,231","20,053,621","80,894,073,075","98,808,103,971",82,"1,501,579","1,449,390","52,189","7,280,466,621","7,519,841,461","229,373,909","15,029,681,991","26,933,014,534",56
2019,KAL,KE,소계,"160,672","419,897,349","34,416,642","27,609,957","83,646,900,255","102,117,146,245",82,"1,597,977","1,545,787","52,190","7,500,692,796","7,556,791,430","229,373,949","15,286,858,175","27,371,178,272",56
2019,AAR,OZ,국내선,"34,044","12,594,895","7,259,668","6,356,570","2,473,401,755","2,793,315,317",89,"66,760","66,760",0,"197,872,138","27,249,116",82,"225,121,336","344,340,540",65
2019,AAR,OZ,국제선,"71,366","209,109,998","16,613,656","13,797,620","45,344,535,700","53,896,244,680",84,"851,404","834,208","17,195","4,081,008,245","3,766,728,987","66,838,276","7,914,575,508","11,785,806,713",67
2019,AAR,OZ,소계,"105,410","221,704,893","23,873,324","20,154,190","47,817,937,455","56,689,559,997",84,"918,164","900,968","17,195","4,278,880,383","3,793,978,103","66,838,358","8,139,696,844","12,130,147,253",67
2019,ABL,BX,국내선,"27,265","9,069,972","5,177,503","4,341,884","1,449,100,712","1,722,704,958",84,"22,461","22,461",1,"115,928,060","7,352,428",173,"123,280,661","174,800,159",71
2019,ABL,BX,국제선,"22,357","33,799,792","4,399,246","3,454,673","5,200,846,849","6,570,983,037",79,"28,881","28,881",0,"468,076,218","46,379,103",0,"514,455,321","675,997,995",76
2019,ABL,BX,소계,"49,622","42,869,764","9,576,749","7,796,557","6,649,947,561","8,293,687,995",80,"51,342","51,342",1,"584,004,278","53,731,531",173,"637,735,982","850,798,154",75
2019,ESR,ZE,국내선,"17,209","7,129,526","3,363,255","3,134,295","1,304,313,335","1,397,009,280",93,"13,422","13,422",0,"104,345,069","5,542,040",26,"109,887,135","143,606,642",77
2019,ESR,ZE,국제선,"20,433","39,926,534","3,857,115","3,015,609","6,032,286,825","7,528,005,639",80,"29,119","28,372",747,"542,905,822","59,327,362","2,040,890","604,274,074","833,753,165",72
2019,ESR,ZE,소계,"37,642","47,056,060","7,220,370","6,149,904","7,336,600,160","8,925,014,919",82,"42,541","41,794",747,"647,250,891","64,869,402","2,040,916","714,161,209","977,359,807",73
2019,JJA,7C,국내선,"27,418","10,510,825","5,181,624","4,872,806","1,870,863,461","1,986,376,203",94,"19,640","19,640",0,"149,669,077","7,515,985",3,"157,185,065","208,906,621",75
2019,JJA,7C,국제선,"52,825","100,960,160","10,092,978","8,365,020","15,885,790,631","19,071,527,895",83,"81,179","80,818",361,"1,429,721,200","160,595,127","553,685","1,590,870,012","2,086,645,751",76
2019,JJA,7C,소계,"80,243","111,470,985","15,274,602","13,237,826","17,756,654,092","21,057,904,098",84,"100,820","100,458",361,"1,579,390,277","168,111,112","553,688","1,748,055,077","2,295,552,372",76
2019,JNA,LJ,국내선,"18,559","7,125,697","3,868,761","3,576,118","1,392,597,876","1,504,119,681",93,"25,799","25,798",1,"111,407,827","10,317,407",268,"121,725,502","224,732,422",54
2019,JNA,LJ,국제선,"27,911","58,644,725","6,133,956","5,084,178","11,133,258,591","13,261,167,279",84,"55,426","54,786",640,"1,001,993,273","126,743,482","2,112,936","1,130,849,691","1,680,740,483",67
2019,JNA,LJ,소계,"46,470","65,770,422","10,002,717","8,660,296","12,525,856,467","14,765,286,960",85,"81,225","80,584",641,"1,113,401,100","137,060,889","2,113,204","1,252,575,193","1,905,472,905",66
2019,TWB,TW,국내선,"17,229","6,462,633","3,253,854","3,030,457","1,137,595,947","1,220,417,820",93,"13,823","13,822",1,"91,007,675","5,160,584",276,"96,168,535","130,567,589",74
2019,TWB,TW,국제선,"32,253","60,465,715","6,240,516","4,907,189","9,362,398,676","11,408,660,202",82,"44,932","44,864",68,"842,615,905","92,201,918","225,217","935,043,040","1,261,415,129",74
2019,TWB,TW,소계,"49,482","66,928,348","9,494,370","7,937,646","10,499,994,623","12,629,078,022",83,"58,755","58,686",69,"933,623,580","97,362,502","225,493","1,031,211,575","1,391,982,718",74
2019,FGW,4V,국내선,174,"94,308","32,364","21,752","11,789,584","17,541,288",67,110,110,0,"943,167","59,836",0,"1,003,003","1,791,852",56
2019,FGW,4V,국제선,12,"19,212","2,232","1,279","2,047,679","3,573,432",57,15,15,0,"184,291","24,570",0,"208,861","365,028",57
2019,FGW,4V,소계,186,"113,520","34,596","23,031","13,837,263","21,114,720",66,126,126,0,"1,127,458","84,406",0,"1,211,864","2,156,880",56
2019,ASV,RS,국내선,460,"206,518","101,200","90,750","40,743,923","45,433,960",90,316,316,0,"3,259,514","141,869",0,"3,401,383","4,336,878",78
2019,ASV,RS,국제선,"10,652","19,108,602","2,094,402","1,812,418","3,302,340,253","3,743,211,556",88,"16,186","16,186",0,"297,210,627","31,544,480",0,"328,755,107","396,723,008",83
2019,ASV,RS,소계,"11,112","19,315,120","2,195,602","1,903,168","3,343,084,176","3,788,645,516",88,"16,502","16,502",0,"300,470,141","31,686,349",0,"332,156,490","401,059,886",83
2019,국적사,KOR_CARR,합계,"540,839","995,126,461","112,088,972","93,472,575","189,590,812,052","228,287,438,472",83,"2,867,451","2,796,247","71,204","16,938,840,904","11,903,675,724","301,145,781","29,143,662,409","47,325,708,247",62
,,,,,,,,,,,,,,,,,, ,